{"iteration": 2, "roi_head/num_bg_samples": 122.5, "roi_head/num_fg_samples": 5.5, "rpn/num_neg_anchors": 116.75, "rpn/num_pos_anchors": 11.25, "stage1/roi_head/num_bg_samples": 123.25, "stage1/roi_head/num_fg_samples": 4.75}
{"data_time": 0.09447609749622643, "iteration": 1, "loss_box_reg_stage0": 0.02816104143857956, "loss_box_reg_stage1": 0.013689710525795817, "loss_box_reg_stage2": 0.011844192398712039, "loss_cls_stage0": 2.3222827911376953, "loss_cls_stage1": 2.178255081176758, "loss_cls_stage2": 2.4388256072998047, "loss_rpn_cls": 0.6960729360580444, "loss_rpn_loc": 0.09879765845835209, "lr": 4.996e-07, "rank_data_time": 0.09447609749622643, "stage0/fast_rcnn/cls_accuracy": 0.1025390625, "stage0/fast_rcnn/false_negative": 0.10521885521885521, "stage0/fast_rcnn/fg_cls_accuracy": 0.018518518518518517, "stage1/fast_rcnn/cls_accuracy": 0.3388671875, "stage1/fast_rcnn/false_negative": 0.18470705064548162, "stage1/fast_rcnn/fg_cls_accuracy": 0.02830188679245283, "stage2/fast_rcnn/cls_accuracy": 0.009765625, "stage2/fast_rcnn/false_negative": 0.0, "stage2/fast_rcnn/fg_cls_accuracy": 0.09615384615384616, "stage2/roi_head/num_bg_samples": 119.125, "stage2/roi_head/num_fg_samples": 8.875, "total_loss": 7.787929018493742}
