{"data_time": 0.0042227094527333975, "eta_seconds": 57241.428762000985, "iteration": 19, "loss_box_reg_stage0": 0.0369395986199379, "loss_box_reg_stage1": 0.01721452735364437, "loss_box_reg_stage2": 0.0047281315783038735, "loss_cls_stage0": 1.7461390495300293, "loss_cls_stage1": 1.770484447479248, "loss_cls_stage2": 1.7725143432617188, "loss_rpn_cls": 0.6956775188446045, "loss_rpn_loc": 0.02463635243475437, "lr": 1.528488235868398e-05, "rank_data_time": 0.0042227094527333975, "roi_head/num_bg_samples": 505.5, "roi_head/num_fg_samples": 6.25, "rpn/num_neg_anchors": 245.25, "rpn/num_pos_anchors": 10.75, "stage0/fast_rcnn/cls_accuracy": 0.97705078125, "stage0/fast_rcnn/false_negative": 1.0, "stage0/fast_rcnn/fg_cls_accuracy": 0.0, "stage1/fast_rcnn/cls_accuracy": 0.96875, "stage1/fast_rcnn/false_negative": 0.8527777777777779, "stage1/fast_rcnn/fg_cls_accuracy": 0.0, "stage1/roi_head/num_bg_samples": 507.25, "stage1/roi_head/num_fg_samples": 4.25, "stage2/fast_rcnn/cls_accuracy": 0.98828125, "stage2/fast_rcnn/false_negative": 1.0, "stage2/fast_rcnn/fg_cls_accuracy": 0.0, "stage2/roi_head/num_bg_samples": 509.0, "stage2/roi_head/num_fg_samples": 2.75, "time": 0.6210620803758502, "total_loss": 6.238300597149646}
{"data_time": 0.004306233488023281, "eta_seconds": 57564.228350947844, "iteration": 39, "loss_box_reg_stage0": 0.09163267910480499, "loss_box_reg_stage1": 0.05901600234210491, "loss_box_reg_stage2": 0.01251695491373539, "loss_cls_stage0": 0.1965346336364746, "loss_cls_stage1": 0.15481967478990555, "loss_cls_stage2": 0.1182536743581295, "loss_rpn_cls": 0.6369597315788269, "loss_rpn_loc": 0.0689014196395874, "lr": 3.1268969052035535e-05, "rank_data_time": 0.004306233488023281, "roi_head/num_bg_samples": 497.75, "roi_head/num_fg_samples": 13.25, "rpn/num_neg_anchors": 234.25, "rpn/num_pos_anchors": 21.75, "stage0/fast_rcnn/cls_accuracy": 0.97412109375, "stage0/fast_rcnn/false_negative": 1.0, "stage0/fast_rcnn/fg_cls_accuracy": 0.0, "stage1/fast_rcnn/cls_accuracy": 0.9873046875, "stage1/fast_rcnn/false_negative": 1.0, "stage1/fast_rcnn/fg_cls_accuracy": 0.0, "stage1/roi_head/num_bg_samples": 504.0, "stage1/roi_head/num_fg_samples": 6.5, "stage2/fast_rcnn/cls_accuracy": 0.9942770164106145, "stage2/fast_rcnn/false_negative": 1.0, "stage2/fast_rcnn/fg_cls_accuracy": 0.0, "stage2/roi_head/num_bg_samples": 508.75, "stage2/roi_head/num_fg_samples": 2.75, "time": 0.6309246518649161, "total_loss": 1.4635263989475789}
{"data_time": 0.004314792808145285, "eta_seconds": 57839.38968246826, "iteration": 59, "loss_box_reg_stage0": 0.12000668421387672, "loss_box_reg_stage1": 0.07483042776584625, "loss_box_reg_stage2": 0.0264541981741786, "loss_cls_stage0": 0.24346660822629929, "loss_cls_stage1": 0.14060059934854507, "loss_cls_stage2": 0.09005097299814224, "loss_rpn_cls": 0.33776921033859253, "loss_rpn_loc": 0.07437142357230186, "lr": 4.725305574538709e-05, "rank_data_time": 0.004314792808145285, "roi_head/num_bg_samples": 489.0, "roi_head/num_fg_samples": 17.25, "rpn/num_neg_anchors": 237.5, "rpn/num_pos_anchors": 18.5, "stage0/fast_rcnn/cls_accuracy": 0.96630859375, "stage0/fast_rcnn/false_negative": 1.0, "stage0/fast_rcnn/fg_cls_accuracy": 0.0, "stage1/fast_rcnn/cls_accuracy": 0.98291015625, "stage1/fast_rcnn/false_negative": 1.0, "stage1/fast_rcnn/fg_cls_accuracy": 0.0, "stage1/roi_head/num_bg_samples": 501.75, "stage1/roi_head/num_fg_samples": 8.75, "stage2/fast_rcnn/cls_accuracy": 0.9900020979859335, "stage2/fast_rcnn/false_negative": 1.0, "stage2/fast_rcnn/fg_cls_accuracy": 0.0, "stage2/roi_head/num_bg_samples": 506.5, "stage2/roi_head/num_fg_samples": 4.5, "time": 0.6284334633965045, "total_loss": 1.1530629778280854}
{"data_time": 0.004284434951841831, "eta_seconds": 57941.04108067206, "iteration": 79, "loss_box_reg_stage0": 0.1289708986878395, "loss_box_reg_stage1": 0.04920736327767372, "loss_box_reg_stage2": 0.017130830325186253, "loss_cls_stage0": 0.21547750383615494, "loss_cls_stage1": 0.10031764209270477, "loss_cls_stage2": 0.07048532739281654, "loss_rpn_cls": 0.10190236940979958, "loss_rpn_loc": 0.05342227593064308, "lr": 6.323714243873865e-05, "rank_data_time": 0.004284434951841831, "roi_head/num_bg_samples": 489.25, "roi_head/num_fg_samples": 17.25, "rpn/num_neg_anchors": 239.5, "rpn/num_pos_anchors": 16.5, "stage0/fast_rcnn/cls_accuracy": 0.96630859375, "stage0/fast_rcnn/false_negative": 1.0, "stage0/fast_rcnn/fg_cls_accuracy": 0.0, "stage1/fast_rcnn/cls_accuracy": 0.9853515625, "stage1/fast_rcnn/false_negative": 1.0, "stage1/fast_rcnn/fg_cls_accuracy": 0.0, "stage1/roi_head/num_bg_samples": 501.0, "stage1/roi_head/num_fg_samples": 7.5, "stage2/fast_rcnn/cls_accuracy": 0.99072265625, "stage2/fast_rcnn/false_negative": 1.0, "stage2/fast_rcnn/fg_cls_accuracy": 0.0, "stage2/roi_head/num_bg_samples": 506.0, "stage2/roi_head/num_fg_samples": 4.75, "time": 0.6325073069892824, "total_loss": 0.9341668249107897}
{"data_time": 0.004477985901758075, "eta_seconds": 58015.311101175845, "iteration": 99, "loss_box_reg_stage0": 0.15142327547073364, "loss_box_reg_stage1": 0.07807929813861847, "loss_box_reg_stage2": 0.0298200324177742, "loss_cls_stage0": 0.24957257509231567, "loss_cls_stage1": 0.13370879739522934, "loss_cls_stage2": 0.0775480791926384, "loss_rpn_cls": 0.17650485038757324, "loss_rpn_loc": 0.039683323353528976, "lr": 7.92212291320902e-05, "rank_data_time": 0.004477985901758075, "roi_head/num_bg_samples": 484.25, "roi_head/num_fg_samples": 22.25, "rpn/num_neg_anchors": 240.0, "rpn/num_pos_anchors": 16.0, "stage0/fast_rcnn/cls_accuracy": 0.9560546875, "stage0/fast_rcnn/false_negative": 1.0, "stage0/fast_rcnn/fg_cls_accuracy": 0.0, "stage1/fast_rcnn/cls_accuracy": 0.97802734375, "stage1/fast_rcnn/false_negative": 1.0, "stage1/fast_rcnn/fg_cls_accuracy": 0.0, "stage1/roi_head/num_bg_samples": 500.0, "stage1/roi_head/num_fg_samples": 10.25, "stage2/fast_rcnn/cls_accuracy": 0.98876953125, "stage2/fast_rcnn/false_negative": 1.0, "stage2/fast_rcnn/fg_cls_accuracy": 0.0, "stage2/roi_head/num_bg_samples": 506.0, "stage2/roi_head/num_fg_samples": 5.75, "time": 0.6337183229625225, "total_loss": 1.0987068060785532}
{"data_time": 0.004377538803964853, "eta_seconds": 58075.14775879495, "iteration": 119, "loss_box_reg_stage0": 0.1862994059920311, "loss_box_reg_stage1": 0.11691775918006897, "loss_box_reg_stage2": 0.04624812677502632, "loss_cls_stage0": 0.3145664632320404, "loss_cls_stage1": 0.16398518532514572, "loss_cls_stage2": 0.09679978340864182, "loss_rpn_cls": 0.15333499014377594, "loss_rpn_loc": 0.07122180238366127, "lr": 9.520531582544176e-05, "rank_data_time": 0.004377538803964853, "roi_head/num_bg_samples": 477.0, "roi_head/num_fg_samples": 28.75, "rpn/num_neg_anchors": 230.75, "rpn/num_pos_anchors": 25.25, "stage0/fast_rcnn/cls_accuracy": 0.94384765625, "stage0/fast_rcnn/false_negative": 1.0, "stage0/fast_rcnn/fg_cls_accuracy": 0.0, "stage1/fast_rcnn/cls_accuracy": 0.97412109375, "stage1/fast_rcnn/false_negative": 1.0, "stage1/fast_rcnn/fg_cls_accuracy": 0.0, "stage1/roi_head/num_bg_samples": 495.0, "stage1/roi_head/num_fg_samples": 13.25, "stage2/fast_rcnn/cls_accuracy": 0.986328125, "stage2/fast_rcnn/false_negative": 1.0, "stage2/fast_rcnn/fg_cls_accuracy": 0.0, "stage2/roi_head/num_bg_samples": 503.5, "stage2/roi_head/num_fg_samples": 7.0, "time": 0.6327487912494689, "total_loss": 1.1817252524197102}
{"data_time": 0.004249170888215303, "eta_seconds": 58020.07612849306, "iteration": 139, "loss_box_reg_stage0": 0.16945244371891022, "loss_box_reg_stage1": 0.07797644287347794, "loss_box_reg_stage2": 0.03559380769729614, "loss_cls_stage0": 0.3169262260198593, "loss_cls_stage1": 0.15220843628048897, "loss_cls_stage2": 0.07356053963303566, "loss_rpn_cls": 0.12172041088342667, "loss_rpn_loc": 0.06754042953252792, "lr": 0.0001, "rank_data_time": 0.004249170888215303, "roi_head/num_bg_samples": 486.5, "roi_head/num_fg_samples": 25.5, "rpn/num_neg_anchors": 235.25, "rpn/num_pos_anchors": 20.75, "stage0/fast_rcnn/cls_accuracy": 0.9501953125,