{"data_time": 0.0043170724529773, "eta_seconds": 50.40484691038728, "iteration": 19, "loss_box_reg_stage0": 0.08246202394366264, "loss_box_reg_stage1": 0.03377705439925194, "loss_box_reg_stage2": 0.017503282986581326, "loss_cls_stage0": 0.3021886795759201, "loss_cls_stage1": 0.2097759246826172, "loss_cls_stage2": 0.12700382247567177, "loss_rpn_cls": 0.6224415898323059, "loss_rpn_loc": 0.0596986785531044, "lr": 4e-05, "rank_data_time": 0.0043170724529773, "roi_head/num_bg_samples": 494.25, "roi_head/num_fg_samples": 17.25, "rpn/num_neg_anchors": 229.25, "rpn/num_pos_anchors": 26.75, "stage0/fast_rcnn/cls_accuracy": 0.96337890625, "stage0/fast_rcnn/false_negative": 1.0, "stage0/fast_rcnn/fg_cls_accuracy": 0.0, "stage1/fast_rcnn/cls_accuracy": 0.97998046875, "stage1/fast_rcnn/false_negative": 1.0, "stage1/fast_rcnn/fg_cls_accuracy": 0.0, "stage1/roi_head/num_bg_samples": 502.5, "stage1/roi_head/num_fg_samples": 9.25, "stage2/fast_rcnn/cls_accuracy": 0.9873046875, "stage2/fast_rcnn/false_negative": 1.0, "stage2/fast_rcnn/fg_cls_accuracy": 0.0, "stage2/roi_head/num_bg_samples": 505.5, "stage2/roi_head/num_fg_samples": 6.25, "time": 0.630060586379841, "total_loss": 1.7472589307144517}
{"eta_seconds": 47.87524208985269, "iteration": 23, "roi_head/num_bg_samples": 497.0, "roi_head/num_fg_samples": 14.5, "rpn/num_neg_anchors": 233.5, "rpn/num_pos_anchors": 22.5, "stage0/fast_rcnn/cls_accuracy": 0.970703125, "stage0/fast_rcnn/false_negative": 1.0, "stage0/fast_rcnn/fg_cls_accuracy": 0.0, "stage1/fast_rcnn/cls_accuracy": 0.98681640625, "stage1/fast_rcnn/false_negative": 1.0, "stage1/fast_rcnn/fg_cls_accuracy": 0.0, "stage1/roi_head/num_bg_samples": 505.25, "stage1/roi_head/num_fg_samples": 6.75, "stage2/fast_rcnn/cls_accuracy": 0.99169921875, "stage2/fast_rcnn/false_negative": 1.0, "stage2/fast_rcnn/fg_cls_accuracy": 0.0, "stage2/roi_head/num_bg_samples": 507.75, "stage2/roi_head/num_fg_samples": 4.25}
{"data_time": 0.0043170724529773, "iteration": 22, "loss_box_reg_stage0": 0.09116704761981964, "loss_box_reg_stage1": 0.04404083639383316, "loss_box_reg_stage2": 0.017503282986581326, "loss_cls_stage0": 0.2815583795309067, "loss_cls_stage1": 0.15358448773622513, "loss_cls_stage2": 0.11371969059109688, "loss_rpn_cls": 0.5752186477184296, "loss_rpn_loc": 0.07195249199867249, "lr": 4e-05, "rank_data_time": 0.0043170724529773, "time": 0.630060586379841, "total_loss": 1.3650040961802006}
