{"fast_rcnn/cls_accuracy": 0.0, "fast_rcnn/false_negative": 0.0, "fast_rcnn/fg_cls_accuracy": 0.0, "iteration": 1, "roi_head/num_bg_samples": 510.25, "roi_head/num_fg_samples": 1.75, "rpn/num_neg_anchors": 227.75, "rpn/num_pos_anchors": 28.25}
{"data_time": 0.22087363293394446, "iteration": 0, "loss_box_reg": 0.00012455694377422333, "loss_cls": 4.5050201416015625, "loss_rpn_cls": 0.697398841381073, "loss_rpn_loc": 0.08961249142885208, "lr": 1.0000000000000001e-07, "rank_data_time": 0.22087363293394446, "total_loss": 5.292156031355262}
{"fast_rcnn/cls_accuracy": 0.06591796875, "fast_rcnn/false_negative": 0.15384615384615385, "fast_rcnn/fg_cls_accuracy": 0.0, "iteration": 1, "roi_head/num_bg_samples": 507.75, "roi_head/num_fg_samples": 4.25, "rpn/num_neg_anchors": 222.5, "rpn/num_pos_anchors": 33.5}
{"data_time": 0.1845123628154397, "iteration": 0, "loss_box_reg": 0.0007227561436593533, "loss_cls": 2.3263015747070312, "loss_rpn_cls": 0.694776177406311, "loss_rpn_loc": 0.29636910557746887, "lr": 1.0000000000000001e-07, "rank_data_time": 0.1845123628154397, "total_loss": 3.3181696138344705}
{"data_time": 0.0031841264571994543, "eta_seconds": 93084.10212544026, "fast_rcnn/cls_accuracy": 0.716796875, "fast_rcnn/false_negative": 0.5357142857142857, "fast_rcnn/fg_cls_accuracy": 0.0, "iteration": 19, "loss_box_reg": 0.006537717068567872, "loss_cls": 2.1521730422973633, "loss_rpn_cls": 0.6897665858268738, "loss_rpn_loc": 0.02571040391921997, "lr": 7.6924e-06, "rank_data_time": 0.0031841264571994543, "roi_head/num_bg_samples": 509.0, "roi_head/num_fg_samples": 3.0, "rpn/num_neg_anchors": 244.0, "rpn/num_pos_anchors": 12.0, "time": 0.5049176975153387, "total_loss": 2.9550980143249035}
{"data_time": 0.0031328280456364155, "eta_seconds": 93114.32254214189, "fast_rcnn/cls_accuracy": 0.9873046875, "fast_rcnn/false_negative": 1.0, "fast_rcnn/fg_cls_accuracy": 0.0, "iteration": 39, "loss_box_reg": 0.0344993881881237, "loss_cls": 0.3713477700948715, "loss_rpn_cls": 0.6777121126651764, "loss_rpn_loc": 0.02308890037238598, "lr": 1.5684400000000002e-05, "rank_data_time": 0.0031328280456364155, "roi_head/num_bg_samples": 505.5, "roi_head/num_fg_samples": 6.5, "rpn/num_neg_anchors": 246.5, "rpn/num_pos_anchors": 9.5, "time": 0.5052068538498133, "total_loss": 1.2700497368350625}
{"data_time": 0.00297395046800375, "eta_seconds": 93094.80645953678, "fast_rcnn/cls_accuracy": 0.9912109375, "fast_rcnn/false_negative": 1.0, "fast_rcnn/fg_cls_accuracy": 0.0, "iteration": 59, "loss_box_reg": 0.01707100635394454, "loss_cls": 0.07073898054659367, "loss_rpn_cls": 0.6411070227622986, "loss_rpn_loc": 0.032737478613853455, "lr": 2.3676400000000003e-05, "rank_data_time": 0.00297395046800375, "roi_head/num_bg_samples": 505.5, "roi_head/num_fg_samples": 4.5, "rpn/num_neg_anchors": 243.0, "rpn/num_pos_anchors": 13.0, "time": 0.5037548029795289, "total_loss": 0.8009118866175413}
{"data_time": 0.0028335233218967915, "eta_seconds": 93094.11708522006, "fast_rcnn/cls_accuracy": 0.97265625, "fast_rcnn/false_negative": 1.0, "fast_rcnn/fg_cls_accuracy": 0.0, "iteration": 79, "loss_box_reg": 0.09851204603910446, "loss_cls": 0.185742549598217, "loss_rpn_cls": 0.4599452316761017, "loss_rpn_loc": 0.02488180808722973, "lr": 3.16684e-05, "rank_data_time": 0.0028335233218967915, "roi_head/num_bg_samples": 496.0, "roi_head/num_fg_samples": 14.0, "rpn/num_neg_anchors": 246.0, "rpn/num_pos_anchors": 10.0, "time": 0.5053207837045193, "total_loss": 0.8290471751242876}
{"data_time": 0.0028532471042126417, "eta_seconds": 93094.75803575478, "fast_rcnn/cls_accuracy": 0.9765625, "fast_rcnn/false_negative": 1.0, "fast_rcnn/fg_cls_accuracy": 0.0, "iteration": 99, "loss_box_reg": 0.09299823641777039, "loss_cls": 0.15398450195789337, "loss_rpn_cls": 0.20158351957798004, "loss_rpn_loc": 0.10066473484039307, "lr": 3.966039999999999e-05, "rank_data_time": 0.0028532471042126417, "roi_head/num_bg_samples": 500.0, "roi_head/num_fg_samples": 12.0, "rpn/num_neg_anchors": 225.0, "rpn/num_pos_anchors": 31.0, "time": 0.5062981985975057, "total_loss": 0.5599197335541248}
{"eta_seconds": 93093.46061585983, "fast_rcnn/cls_accuracy": 0.9765625, "fast_rcnn/false_negative": 1.0, "fast_rcnn/fg_cls_accuracy": 0.0, "iteration": 101, "roi_head/num_bg_samples": 500.0, "roi_head/num_fg_samples": 12.0, "rpn/num_neg_anchors": 225.0, "rpn/num_pos_anchors": 31.0}
{"data_time": 0.0028532471042126417, "iteration": 100, "loss_box_reg": 0.09153668954968452, "loss_cls": 0.16846685856580734, "loss_rpn_cls": 0.20158351957798004, "loss_rpn_loc": 0.10066473484039307, "lr": 4.006e-05, "rank_data_time": 0.0028532471042126417, "time": 0.5062981985975057, "total_loss": 0.5599197335541248}
